<?xml version="1.0" encoding="UTF-8" ?>
<beans xmlns="http://www.springframework.org/schema/beans"
       xmlns:xsi="http://www.w3.org/2001/XMLSchema-instance"
       xmlns:context="http://www.springframework.org/schema/context"
       xsi:schemaLocation="http://www.springframework.org/schema/beans
       http://www.springframework.org/schema/beans/spring-beans-3.1.xsd
       http://www.springframework.org/schema/context
       http://www.springframework.org/schema/context/spring-context-3.1.xsd">

    <context:component-scan base-package="com.alumniHelper.web"/>
    <context:component-scan base-package="com.alumniHelper.dao"/>
    <context:component-scan base-package="com.alumniHelper.service"/>

       <!-- 数据访问层配置 -->
       <bean id="propertyConfigurer" class="org.springframework.beans.factory.config.PropertyPlaceholderConfigurer">
              <property name="location" value="classpath:jdbc.properties"/>
       </bean>


       <!--httpClientFactory配置 -->
       <bean id="httpClientFactory" class="org.springframework.http.client.SimpleClientHttpRequestFactory">
              <!--
              <property name="connectTimeout" value="60"/>
              <property name="readTimeout" value="60"/>
              -->
       </bean>

       <bean id="jdbcTemplateManage" class="org.springframework.jdbc.core.JdbcTemplate">
              <property name="dataSource">
                     <ref bean="DBMaizuoHome"/>
              </property>
       </bean>

       <bean id="DBMaizuoHome" class="org.springframework.jndi.JndiObjectFactoryBean">
              <property name="jndiName" value="java:/comp/env/jdbc/DBScore"/>
       </bean>

       <!--restTemplate注入-->
       <bean id="restTemplate" class="org.springframework.web.client.RestTemplate">
              <constructor-arg ref="httpClientFactory"/>
       </bean>
</beans>

